Workbook

Sheet Hand Log
I1: Players Name | K1: AUTOMATIC RANK INPUTS | Y1: BLAZING 7s COUNT — SEPARATE COUNT SYSTEM
C2: Table Min ($) | D2: 25 | E2: Table Max ($) | F2: 2000 | G2: Table Spread | H2: =IF(OR(D2="",F2=""),"Enter table limits",IF(AND(D2>0,F2>=D2),"1-to-"&IF(F2/D2=INT(F2/D2),TEXT(F2/D2,"0"),TEXT(F2/D2,"0.##")),"Check table limits")) -> 1-to-80 | K2: Enter qty per rank for each hand; count updates automatically. | L2: Enter qty per rank for each hand; count updates automatically. | M2: Enter qty per rank for each hand; count updates automatically. | N2: Enter qty per rank for each hand; count updates automatically. | O2: Enter qty per rank for each hand; count updates automatically. | P2: Enter qty per rank for each hand; count updates automatically. | Q2: Enter qty per rank for each hand; count updates automatically. | R2: Enter qty per rank for each hand; count updates automatically. | S2: Enter qty per rank for each hand; count updates automatically. | T2: Enter qty per rank for each hand; count updates automatically. | U2: Enter qty per rank for each hand; count updates automatically. | V2: Enter qty per rank for each hand; count updates automatically. | W2: Enter qty per rank for each hand; count updates automatically. | Y2: Published Blazing 7s tags; the +4 flag is a reference trigger, not a guarantee of advantage.
C3: Enter table minimum in D2 and table maximum in F2; H2 shows the table-limit spread. Enter each observed wager in H5:H54; column J shows that wager as a ratio to the table minimum in real time.
A4: Rds | C4: # Cards | D4: Total Cds | E4: Count | F4: Run Ct | G4: True Ct | H4: Bet Amount (Input) | I4: Notes | J4: Bet Spread vs Min | K4: A | L4: 2 | M4: 3 | N4: 4 | O4: 5 | P4: 6 | Q4: 7 | R4: 8 | S4: 9 | T4: 10 | U4: J | V4: Q | W4: K | X4: Validation | Y4: B7 Count Δ | Z4: B7 Run Ct | AA4: Decks Rem. | AB4: B7 True Ct | AC4: B7 Status
A5: 1 | C5: =IF(SUM(K5:W5)=0,"",SUM(K5:W5)) | D5: =IF(C5="","",SUM($C$5:C5)) | E5: =IF(C5="","",K5+L5+M5+2*N5-O5-2*P5-Q5-R5) | F5: =IF(C5="","",SUM($E$5:E5)) | G5: =IF(C5="","",IF('Rules & Notes'!$B$4-D5>0,F5/(('Rules & Notes'!$B$4-D5)/'Rules & Notes'!$B$3),"")) | J5: =IF(H5="","",IF($D$2="","Set table min",IF($D$2<=0,"Check table min",IF(H5<$D$2,"Below table min","1-to-"&IF(H5/$D$2=INT(H5/$D$2),TEXT(H5/$D$2,"0"),TEXT(H5/$D$2,"0.##")))))) | X5: =IF(C5="","",IF(D5>'Rules & Notes'!$B$4,"TOTAL > 416",IF(OR(SUM($K$5:K5)>32,SUM($L$5:L5)>32,SUM($M$5:M5)>32,SUM($N$5:N5)>32,SUM($O$5:O5)>32,SUM($P$5:P5)>32,SUM($Q$5:Q5)>32,SUM($R$5:R5)>32,SUM($S$5:S5)>32,SUM($T$5:T5)>32,SUM($U$5:U5)>32,SUM($V$5:V5)>32,SUM($W$5:W5)>32),"RANK > 32",IF(C5>6,"HAND > 6","OK")))) | Y5: =IF(C5="","",K5-M5-N5-O5-6*Q5+2*R5+2*S5+T5+U5+V5+W5) | Z5: =IF(C5="","",SUM($Y$5:Y5)) | AA5: =IF(C5="","",MAX(0,('Rules & Notes'!$B$4-D5)/'Rules & Notes'!$B$3)) | AB5: =IF(OR(C5="",AA5=0),"",Z5/AA5) | AC5: =IF(C5="","",IF(X5<>"OK","CHECK INPUT",IF(AB5>=4,"AT/ABOVE +4 TRIGGER","Below +4 trigger")))
A6: 2 | C6: =IF(SUM(K6:W6)=0,"",SUM(K6:W6)) | D6: =IF(C6="","",SUM($C$5:C6)) | E6: =IF(C6="","",K6+L6+M6+2*N6-O6-2*P6-Q6-R6) | F6: =IF(C6="","",SUM($E$5:E6)) | G6: =IF(C6="","",IF('Rules & Notes'!$B$4-D6>0,F6/(('Rules & Notes'!$B$4-D6)/'Rules & Notes'!$B$3),"")) | J6: =IF(H6="","",IF($D$2="","Set table min",IF($D$2<=0,"Check table min",IF(H6<$D$2,"Below table min","1-to-"&IF(H6/$D$2=INT(H6/$D$2),TEXT(H6/$D$2,"0"),TEXT(H6/$D$2,"0.##")))))) | X6: =IF(C6="","",IF(D6>'Rules & Notes'!$B$4,"TOTAL > 416",IF(OR(SUM($K$5:K6)>32,SUM($L$5:L6)>32,SUM($M$5:M6)>32,SUM($N$5:N6)>32,SUM($O$5:O6)>32,SUM($P$5:P6)>32,SUM($Q$5:Q6)>32,SUM($R$5:R6)>32,SUM($S$5:S6)>32,SUM($T$5:T6)>32,SUM($U$5:U6)>32,SUM($V$5:V6)>32,SUM($W$5:W6)>32),"RANK > 32",IF(C6>6,"HAND > 6","OK")))) | Y6: =IF(C6="","",K6-M6-N6-O6-6*Q6+2*R6+2*S6+T6+U6+V6+W6) | Z6: =IF(C6="","",SUM($Y$5:Y6)) | AA6: =IF(C6="","",MAX(0,('Rules & Notes'!$B$4-D6)/'Rules & Notes'!$B$3)) | AB6: =IF(OR(C6="",AA6=0),"",Z6/AA6) | AC6: =IF(C6="","",IF(X6<>"OK","CHECK INPUT",IF(AB6>=4,"AT/ABOVE +4 TRIGGER","Below +4 trigger")))
A7: 3 | C7: =IF(SUM(K7:W7)=0,"",SUM(K7:W7)) | D7: =IF(C7="","",SUM($C$5:C7)) | E7: =IF(C7="","",K7+L7+M7+2*N7-O7-2*P7-Q7-R7) | F7: =IF(C7="","",SUM($E$5:E7)) | G7: =IF(C7="","",IF('Rules & Notes'!$B$4-D7>0,F7/(('Rules & Notes'!$B$4-D7)/'Rules & Notes'!$B$3),"")) | J7: =IF(H7="","",IF($D$2="","Set table min",IF($D$2<=0,"Check table min",IF(H7<$D$2,"Below table min","1-to-"&IF(H7/$D$2=INT(H7/$D$2),TEXT(H7/$D$2,"0"),TEXT(H7/$D$2,"0.##")))))) | X7: =IF(C7="","",IF(D7>'Rules & Notes'!$B$4,"TOTAL > 416",IF(OR(SUM($K$5:K7)>32,SUM($L$5:L7)>32,SUM($M$5:M7)>32,SUM($N$5:N7)>32,SUM($O$5:O7)>32,SUM($P$5:P7)>32,SUM($Q$5:Q7)>32,SUM($R$5:R7)>32,SUM($S$5:S7)>32,SUM($T$5:T7)>32,SUM($U$5:U7)>32,SUM($V$5:V7)>32,SUM($W$5:W7)>32),"RANK > 32",IF(C7>6,"HAND > 6","OK")))) | Y7: =IF(C7="","",K7-M7-N7-O7-6*Q7+2*R7+2*S7+T7+U7+V7+W7) | Z7: =IF(C7="","",SUM($Y$5:Y7)) | AA7: =IF(C7="","",MAX(0,('Rules & Notes'!$B$4-D7)/'Rules & Notes'!$B$3)) | AB7: =IF(OR(C7="",AA7=0),"",Z7/AA7) | AC7: =IF(C7="","",IF(X7<>"OK","CHECK INPUT",IF(AB7>=4,"AT/ABOVE +4 TRIGGER","Below +4 trigger")))
A8: 4 | C8: =IF(SUM(K8:W8)=0,"",SUM(K8:W8)) | D8: =IF(C8="","",SUM($C$5:C8)) | E8: =IF(C8="","",K8+L8+M8+2*N8-O8-2*P8-Q8-R8) | F8: =IF(C8="","",SUM($E$5:E8)) | G8: =IF(C8="","",IF('Rules & Notes'!$B$4-D8>0,F8/(('Rules & Notes'!$B$4-D8)/'Rules & Notes'!$B$3),"")) | J8: =IF(H8="","",IF($D$2="","Set table min",IF($D$2<=0,"Check table min",IF(H8<$D$2,"Below table min","1-to-"&IF(H8/$D$2=INT(H8/$D$2),TEXT(H8/$D$2,"0"),TEXT(H8/$D$2,"0.##")))))) | X8: =IF(C8="","",IF(D8>'Rules & Notes'!$B$4,"TOTAL > 416",IF(OR(SUM($K$5:K8)>32,SUM($L$5:L8)>32,SUM($M$5:M8)>32,SUM($N$5:N8)>32,SUM($O$5:O8)>32,SUM($P$5:P8)>32,SUM($Q$5:Q8)>32,SUM($R$5:R8)>32,SUM($S$5:S8)>32,SUM($T$5:T8)>32,SUM($U$5:U8)>32,SUM($V$5:V8)>32,SUM($W$5:W8)>32),"RANK > 32",IF(C8>6,"HAND > 6","OK")))) | Y8: =IF(C8="","",K8-M8-N8-O8-6*Q8+2*R8+2*S8+T8+U8+V8+W8) | Z8: =IF(C8="","",SUM($Y$5:Y8)) | AA8: =IF(C8="","",MAX(0,('Rules & Notes'!$B$4-D8)/'Rules & Notes'!$B$3)) | AB8: =IF(OR(C8="",AA8=0),"",Z8/AA8) | AC8: =IF(C8="","",IF(X8<>"OK","CHECK INPUT",IF(AB8>=4,"AT/ABOVE +4 TRIGGER","Below +4 trigger")))
A9: 5 | C9: =IF(SUM(K9:W9)=0,"",SUM(K9:W9)) | D9: =IF(C9="","",SUM($C$5:C9)) | E9: =IF(C9="","",K9+L9+M9+2*N9-O9-2*P9-Q9-R9) | F9: =IF(C9="","",SUM($E$5:E9)) | G9: =IF(C9="","",IF('Rules & Notes'!$B$4-D9>0,F9/(('Rules & Notes'!$B$4-D9)/'Rules & Notes'!$B$3),"")) | J9: =IF(H9="","",IF($D$2="","Set table min",IF($D$2<=0,"Check table min",IF(H9<$D$2,"Below table min","1-to-"&IF(H9/$D$2=INT(H9/$D$2),TEXT(H9/$D$2,"0"),TEXT(H9/$D$2,"0.##")))))) | X9: =IF(C9="","",IF(D9>'Rules & Notes'!$B$4,"TOTAL > 416",IF(OR(SUM($K$5:K9)>32,SUM($L$5:L9)>32,SUM($M$5:M9)>32,SUM($N$5:N9)>32,SUM($O$5:O9)>32,SUM($P$5:P9)>32,SUM($Q$5:Q9)>32,SUM($R$5:R9)>32,SUM($S$5:S9)>32,SUM($T$5:T9)>32,SUM($U$5:U9)>32,SUM($V$5:V9)>32,SUM($W$5:W9)>32),"RANK > 32",IF(C9>6,"HAND > 6","OK")))) | Y9: =IF(C9="","",K9-M9-N9-O9-6*Q9+2*R9+2*S9+T9+U9+V9+W9) | Z9: =IF(C9="","",SUM($Y$5:Y9)) | AA9: =IF(C9="","",MAX(0,('Rules & Notes'!$B$4-D9)/'Rules & Notes'!$B$3)) | AB9: =IF(OR(C9="",AA9=0),"",Z9/AA9) | AC9: =IF(C9="","",IF(X9<>"OK","CHECK INPUT",IF(AB9>=4,"AT/ABOVE +4 TRIGGER","Below +4 trigger")))
A10: 6 | C10: =IF(SUM(K10:W10)=0,"",SUM(K10:W10)) | D10: =IF(C10="","",SUM($C$5:C10)) | E10: =IF(C10="","",K10+L10+M10+2*N10-O10-2*P10-Q10-R10) | F10: =IF(C10="","",SUM($E$5:E10)) | G10: =IF(C10="","",IF('Rules & Notes'!$B$4-D10>0,F10/(('Rules & Notes'!$B$4-D10)/'Rules & Notes'!$B$3),"")) | J10: =IF(H10="","",IF($D$2="","Set table min",IF($D$2<=0,"Check table min",IF(H10<$D$2,"Below table min","1-to-"&IF(H10/$D$2=INT(H10/$D$2),TEXT(H10/$D$2,"0"),TEXT(H10/$D$2,"0.##")))))) | X10: =IF(C10="","",IF(D10>'Rules & Notes'!$B$4,"TOTAL > 416",IF(OR(SUM($K$5:K10)>32,SUM($L$5:L10)>32,SUM($M$5:M10)>32,SUM($N$5:N10)>32,SUM($O$5:O10)>32,SUM($P$5:P10)>32,SUM($Q$5:Q10)>32,SUM($R$5:R10)>32,SUM($S$5:S10)>32,SUM($T$5:T10)>32,SUM($U$5:U10)>32,SUM($V$5:V10)>32,SUM($W$5:W10)>32),"RANK > 32",IF(C10>6,"HAND > 6","OK")))) | Y10: =IF(C10="","",K10-M10-N10-O10-6*Q10+2*R10+2*S10+T10+U10+V10+W10) | Z10: =IF(C10="","",SUM($Y$5:Y10)) | AA10: =IF(C10="","",MAX(0,('Rules & Notes'!$B$4-D10)/'Rules & Notes'!$B$3)) | AB10: =IF(OR(C10="",AA10=0),"",Z10/AA10) | AC10: =IF(C10="","",IF(X10<>"OK","CHECK INPUT",IF(AB10>=4,"AT/ABOVE +4 TRIGGER","Below +4 trigger")))
A11: 7 | C11: =IF(SUM(K11:W11)=0,"",SUM(K11:W11)) | D11: =IF(C11="","",SUM($C$5:C11)) | E11: =IF(C11="","",K11+L11+M11+2*N11-O11-2*P11-Q11-R11) | F11: =IF(C11="","",SUM($E$5:E11)) | G11: =IF(C11="","",IF('Rules & Notes'!$B$4-D11>0,F11/(('Rules & Notes'!$B$4-D11)/'Rules & Notes'!$B$3),"")) | J11: =IF(H11="","",IF($D$2="","Set table min",IF($D$2<=0,"Check table min",IF(H11<$D$2,"Below table min","1-to-"&IF(H11/$D$2=INT(H11/$D$2),TEXT(H11/$D$2,"0"),TEXT(H11/$D$2,"0.##")))))) | X11: =IF(C11="","",IF(D11>'Rules & Notes'!$B$4,"TOTAL > 416",IF(OR(SUM($K$5:K11)>32,SUM($L$5:L11)>32,SUM($M$5:M11)>32,SUM($N$5:N11)>32,SUM($O$5:O11)>32,SUM($P$5:P11)>32,SUM($Q$5:Q11)>32,SUM($R$5:R11)>32,SUM($S$5:S11)>32,SUM($T$5:T11)>32,SUM($U$5:U11)>32,SUM($V$5:V11)>32,SUM($W$5:W11)>32),"RANK > 32",IF(C11>6,"HAND > 6","OK")))) | Y11: =IF(C11="","",K11-M11-N11-O11-6*Q11+2*R11+2*S11+T11+U11+V11+W11) | Z11: =IF(C11="","",SUM($Y$5:Y11)) | AA11: =IF(C11="","",MAX(0,('Rules & Notes'!$B$4-D11)/'Rules & Notes'!$B$3)) | AB11: =IF(OR(C11="",AA11=0),"",Z11/AA11) | AC11: =IF(C11="","",IF(X11<>"OK","CHECK INPUT",IF(AB11>=4,"AT/ABOVE +4 TRIGGER","Below +4 trigger")))
A12: 8 | C12: =IF(SUM(K12:W12)=0,"",SUM(K12:W12)) | D12: =IF(C12="","",SUM($C$5:C12)) | E12: =IF(C12="","",K12+L12+M12+2*N12-O12-2*P12-Q12-R12) | F12: =IF(C12="","",SUM($E$5:E12)) | G12: =IF(C12="","",IF('Rules & Notes'!$B$4-D12>0,F12/(('Rules & Notes'!$B$4-D12)/'Rules & Notes'!$B$3),"")) | J12: =IF(H12="","",IF($D$2="","Set table min",IF($D$2<=0,"Check table min",IF(H12<$D$2,"Below table min","1-to-"&IF(H12/$D$2=INT(H12/$D$2),TEXT(H12/$D$2,"0"),TEXT(H12/$D$2,"0.##")))))) | X12: =IF(C12="","",IF(D12>'Rules & Notes'!$B$4,"TOTAL > 416",IF(OR(SUM($K$5:K12)>32,SUM($L$5:L12)>32,SUM($M$5:M12)>32,SUM($N$5:N12)>32,SUM($O$5:O12)>32,SUM($P$5:P12)>32,SUM($Q$5:Q12)>32,SUM($R$5:R12)>32,SUM($S$5:S12)>32,SUM($T$5:T12)>32,SUM($U$5:U12)>32,SUM($V$5:V12)>32,SUM($W$5:W12)>32),"RANK > 32",IF(C12>6,"HAND > 6","OK")))) | Y12: =IF(C12="","",K12-M12-N12-O12-6*Q12+2*R12+2*S12+T12+U12+V12+W12) | Z12: =IF(C12="","",SUM($Y$5:Y12)) | AA12: =IF(C12="","",MAX(0,('Rules & Notes'!$B$4-D12)/'Rules & Notes'!$B$3)) | AB12: =IF(OR(C12="",AA12=0),"",Z12/AA12) | AC12: =IF(C12="","",IF(X12<>"OK","CHECK INPUT",IF(AB12>=4,"AT/ABOVE +4 TRIGGER","Below +4 trigger")))
A13: 9 | C13: =IF(SUM(K13:W13)=0,"",SUM(K13:W13)) | D13: =IF(C13="","",SUM($C$5:C13)) | E13: =IF(C13="","",K13+L13+M13+2*N13-O13-2*P13-Q13-R13) | F13: =IF(C13="","",SUM($E$5:E13)) | G13: =IF(C13="","",IF('Rules & Notes'!$B$4-D13>0,F13/(('Rules & Notes'!$B$4-D13)/'Rules & Notes'!$B$3),"")) | J13: =IF(H13="","",IF($D$2="","Set table min",IF($D$2<=0,"Check table min",IF(H13<$D$2,"Below table min","1-to-"&IF(H13/$D$2=INT(H13/$D$2),TEXT(H13/$D$2,"0"),TEXT(H13/$D$2,"0.##")))))) | X13: =IF(C13="","",IF(D13>'Rules & Notes'!$B$4,"TOTAL > 416",IF(OR(SUM($K$5:K13)>32,SUM($L$5:L13)>32,SUM($M$5:M13)>32,SUM($N$5:N13)>32,SUM($O$5:O13)>32,SUM($P$5:P13)>32,SUM($Q$5:Q13)>32,SUM($R$5:R13)>32,SUM($S$5:S13)>32,SUM($T$5:T13)>32,SUM($U$5:U13)>32,SUM($V$5:V13)>32,SUM($W$5:W13)>32),"RANK > 32",IF(C13>6,"HAND > 6","OK")))) | Y13: =IF(C13="","",K13-M13-N13-O13-6*Q13+2*R13+2*S13+T13+U13+V13+W13) | Z13: =IF(C13="","",SUM($Y$5:Y13)) | AA13: =IF(C13="","",MAX(0,('Rules & Notes'!$B$4-D13)/'Rules & Notes'!$B$3)) | AB13: =IF(OR(C13="",AA13=0),"",Z13/AA13) | AC13: =IF(C13="","",IF(X13<>"OK","CHECK INPUT",IF(AB13>=4,"AT/ABOVE +4 TRIGGER","Below +4 trigger")))
A14: 10 | C14: =IF(SUM(K14:W14)=0,"",SUM(K14:W14)) | D14: =IF(C14="","",SUM($C$5:C14)) | E14: =IF(C14="","",K14+L14+M14+2*N14-O14-2*P14-Q14-R14) | F14: =IF(C14="","",SUM($E$5:E14)) | G14: =IF(C14="","",IF('Rules & Notes'!$B$4-D14>0,F14/(('Rules & Notes'!$B$4-D14)/'Rules & Notes'!$B$3),"")) | J14: =IF(H14="","",IF($D$2="","Set table min",IF($D$2<=0,"Check table min",IF(H14<$D$2,"Below table min","1-to-"&IF(H14/$D$2=INT(H14/$D$2),TEXT(H14/$D$2,"0"),TEXT(H14/$D$2,"0.##")))))) | X14: =IF(C14="","",IF(D14>'Rules & Notes'!$B$4,"TOTAL > 416",IF(OR(SUM($K$5:K14)>32,SUM($L$5:L14)>32,SUM($M$5:M14)>32,SUM($N$5:N14)>32,SUM($O$5:O14)>32,SUM($P$5:P14)>32,SUM($Q$5:Q14)>32,SUM($R$5:R14)>32,SUM($S$5:S14)>32,SUM($T$5:T14)>32,SUM($U$5:U14)>32,SUM($V$5:V14)>32,SUM($W$5:W14)>32),"RANK > 32",IF(C14>6,"HAND > 6","OK")))) | Y14: =IF(C14="","",K14-M14-N14-O14-6*Q14+2*R14+2*S14+T14+U14+V14+W14) | Z14: =IF(C14="","",SUM($Y$5:Y14)) | AA14: =IF(C14="","",MAX(0,('Rules & Notes'!$B$4-D14)/'Rules & Notes'!$B$3)) | AB14: =IF(OR(C14="",AA14=0),"",Z14/AA14) | AC14: =IF(C14="","",IF(X14<>"OK","CHECK INPUT",IF(AB14>=4,"AT/ABOVE +4 TRIGGER","Below +4 trigger")))
A15: 11 | C15: =IF(SUM(K15:W15)=0,"",SUM(K15:W15)) | D15: =IF(C15="","",SUM($C$5:C15)) | E15: =IF(C15="","",K15+L15+M15+2*N15-O15-2*P15-Q15-R15) | F15: =IF(C15="","",SUM($E$5:E15)) | G15: =IF(C15="","",IF('Rules & Notes'!$B$4-D15>0,F15/(('Rules & Notes'!$B$4-D15)/'Rules & Notes'!$B$3),"")) | J15: =IF(H15="","",IF($D$2="","Set table min",IF($D$2<=0,"Check table min",IF(H15<$D$2,"Below table min","1-to-"&IF(H15/$D$2=INT(H15/$D$2),TEXT(H15/$D$2,"0"),TEXT(H15/$D$2,"0.##")))))) | X15: =IF(C15="","",IF(D15>'Rules & Notes'!$B$4,"TOTAL > 416",IF(OR(SUM($K$5:K15)>32,SUM($L$5:L15)>32,SUM($M$5:M15)>32,SUM($N$5:N15)>32,SUM($O$5:O15)>32,SUM($P$5:P15)>32,SUM($Q$5:Q15)>32,SUM($R$5:R15)>32,SUM($S$5:S15)>32,SUM($T$5:T15)>32,SUM($U$5:U15)>32,SUM($V$5:V15)>32,SUM($W$5:W15)>32),"RANK > 32",IF(C15>6,"HAND > 6","OK")))) | Y15: =IF(C15="","",K15-M15-N15-O15-6*Q15+2*R15+2*S15+T15+U15+V15+W15) | Z15: =IF(C15="","",SUM($Y$5:Y15)) | AA15: =IF(C15="","",MAX(0,('Rules & Notes'!$B$4-D15)/'Rules & Notes'!$B$3)) | AB15: =IF(OR(C15="",AA15=0),"",Z15/AA15) | AC15: =IF(C15="","",IF(X15<>"OK","CHECK INPUT",IF(AB15>=4,"AT/ABOVE +4 TRIGGER","Below +4 trigger")))
A16: 12 | C16: =IF(SUM(K16:W16)=0,"",SUM(K16:W16)) | D16: =IF(C16="","",SUM($C$5:C16)) | E16: =IF(C16="","",K16+L16+M16+2*N16-O16-2*P16-Q16-R16) | F16: =IF(C16="","",SUM($E$5:E16)) | G16: =IF(C16="","",IF('Rules & Notes'!$B$4-D16>0,F16/(('Rules & Notes'!$B$4-D16)/'Rules & Notes'!$B$3),"")) | J16: =IF(H16="","",IF($D$2="","Set table min",IF($D$2<=0,"Check table min",IF(H16<$D$2,"Below table min","1-to-"&IF(H16/$D$2=INT(H16/$D$2),TEXT(H16/$D$2,"0"),TEXT(H16/$D$2,"0.##")))))) | X16: =IF(C16="","",IF(D16>'Rules & Notes'!$B$4,"TOTAL > 416",IF(OR(SUM($K$5:K16)>32,SUM($L$5:L16)>32,SUM($M$5:M16)>32,SUM($N$5:N16)>32,SUM($O$5:O16)>32,SUM($P$5:P16)>32,SUM($Q$5:Q16)>32,SUM($R$5:R16)>32,SUM($S$5:S16)>32,SUM($T$5:T16)>32,SUM($U$5:U16)>32,SUM($V$5:V16)>32,SUM($W$5:W16)>32),"RANK > 32",IF(C16>6,"HAND > 6","OK")))) | Y16: =IF(C16="","",K16-M16-N16-O16-6*Q16+2*R16+2*S16+T16+U16+V16+W16) | Z16: =IF(C16="","",SUM($Y$5:Y16)) | AA16: =IF(C16="","",MAX(0,('Rules & Notes'!$B$4-D16)/'Rules & Notes'!$B$3)) | AB16: =IF(OR(C16="",AA16=0),"",Z16/AA16) | AC16: =IF(C16="","",IF(X16<>"OK","CHECK INPUT",IF(AB16>=4,"AT/ABOVE +4 TRIGGER","Below +4 trigger")))
... A21: 17 | C21: =IF(SUM(K21:W21)=0,"",SUM(K21:W21)) | D21: =IF(C21="","",SUM($C$5:C21)) | E21: =IF(C21="","",K21+L21+M21+2*N21-O21-2*P21-Q21-R21) | F21: =IF(C21="","",SUM($E$5:E21)) | G21: =IF(C21="","",IF('Rules & Notes'!$B$4-D21>0,F21/(('Rules & Notes'!$B$4-D21)/'Rules & Notes'!$B$3),"")) | J21: =IF(H21="","",IF($D$2="","Set table min",IF($D$2<=0,"Check table min",IF(H21<$D$2,"Below table min","1-to-"&IF(H21/$D$2=INT(H21/$D$2),TEXT(H21/$D$2,"0"),TEXT(H21/$D$2,"0.##")))))) | X21: =IF(C21="","",IF(D21>'Rules & Notes'!$B$4,"TOTAL > 416",IF(OR(SUM($K$5:K21)>32,SUM($L$5:L21)>32,SUM($M$5:M21)>32,SUM($N$5:N21)>32,SUM($O$5:O21)>32,SUM($P$5:P21)>32,SUM($Q$5:Q21)>32,SUM($R$5:R21)>32,SUM($S$5:S21)>32,SUM($T$5:T21)>32,SUM($U$5:U21)>32,SUM($V$5:V21)>32,SUM($W$5:W21)>32),"RANK > 32",IF(C21>6,"HAND > 6","OK")))) | Y21: =IF(C21="","",K21-M21-N21-O21-6*Q21+2*R21+2*S21+T21+U21+V21+W21) | Z21: =IF(C21="","",SUM($Y$5:Y21)) | AA21: =IF(C21="","",MAX(0,('Rules & Notes'!$B$4-D21)/'Rules & Notes'!$B$3)) | AB21: =IF(OR(C21="",AA21=0),"",Z21/AA21) | AC21: =IF(C21="","",IF(X21<>"OK","CHECK INPUT",IF(AB21>=4,"AT/ABOVE +4 TRIGGER","Below +4 trigger")))
A22: 18 | C22: =IF(SUM(K22:W22)=0,"",SUM(K22:W22)) | D22: =IF(C22="","",SUM($C$5:C22)) | E22: =IF(C22="","",K22+L22+M22+2*N22-O22-2*P22-Q22-R22) | F22: =IF(C22="","",SUM($E$5:E22)) | G22: =IF(C22="","",IF('Rules & Notes'!$B$4-D22>0,F22/(('Rules & Notes'!$B$4-D22)/'Rules & Notes'!$B$3),"")) | H22: ="" | J22: =IF(H22="","",IF($D$2="","Set table min",IF($D$2<=0,"Check table min",IF(H22<$D$2,"Below table min","1-to-"&IF(H22/$D$2=INT(H22/$D$2),TEXT(H22/$D$2,"0"),TEXT(H22/$D$2,"0.##")))))) | X22: =IF(C22="","",IF(D22>'Rules & Notes'!$B$4,"TOTAL > 416",IF(OR(SUM($K$5:K22)>32,SUM($L$5:L22)>32,SUM($M$5:M22)>32,SUM($N$5:N22)>32,SUM($O$5:O22)>32,SUM($P$5:P22)>32,SUM($Q$5:Q22)>32,SUM($R$5:R22)>32,SUM($S$5:S22)>32,SUM($T$5:T22)>32,SUM($U$5:U22)>32,SUM($V$5:V22)>32,SUM($W$5:W22)>32),"RANK > 32",IF(C22>6,"HAND > 6","OK")))) | Y22: =IF(C22="","",K22-M22-N22-O22-6*Q22+2*R22+2*S22+T22+U22+V22+W22) | Z22: =IF(C22="","",SUM($Y$5:Y22)) | AA22: =IF(C22="","",MAX(0,('Rules & Notes'!$B$4-D22)/'Rules & Notes'!$B$3)) | AB22: =IF(OR(C22="",AA22=0),"",Z22/AA22) | AC22: =IF(C22="","",IF(X22<>"OK","CHECK INPUT",IF(AB22>=4,"AT/ABOVE +4 TRIGGER","Below +4 trigger")))
A23: 19 | C23: =IF(SUM(K23:W23)=0,"",SUM(K23:W23)) | D23: =IF(C23="","",SUM($C$5:C23)) | E23: =IF(C23="","",K23+L23+M23+2*N23-O23-2*P23-Q23-R23) | F23: =IF(C23="","",SUM($E$5:E23)) | G23: =IF(C23="","",IF('Rules & Notes'!$B$4-D23>0,F23/(('Rules & Notes'!$B$4-D23)/'Rules & Notes'!$B$3),"")) | H23: ="" | J23: =IF(H23="","",IF($D$2="","Set table min",IF($D$2<=0,"Check table min",IF(H23<$D$2,"Below table min","1-to-"&IF(H23/$D$2=INT(H23/$D$2),TEXT(H23/$D$2,"0"),TEXT(H23/$D$2,"0.##")))))) | X23: =IF(C23="","",IF(D23>'Rules & Notes'!$B$4,"TOTAL > 416",IF(OR(SUM($K$5:K23)>32,SUM($L$5:L23)>32,SUM($M$5:M23)>32,SUM($N$5:N23)>32,SUM($O$5:O23)>32,SUM($P$5:P23)>32,SUM($Q$5:Q23)>32,SUM($R$5:R23)>32,SUM($S$5:S23)>32,SUM($T$5:T23)>32,SUM($U$5:U23)>32,SUM($V$5:V23)>32,SUM($W$5:W23)>32),"RANK > 32",IF(C23>6,"HAND > 6","OK")))) | Y23: =IF(C23="","",K23-M23-N23-O23-6*Q23+2*R23+2*S23+T23+U23+V23+W23) | Z23: =IF(C23="","",SUM($Y$5:Y23)) | AA23: =IF(C23="","",MAX(0,('Rules & Notes'!$B$4-D23)/'Rules & Notes'!$B$3)) | AB23: =IF(OR(C23="",AA23=0),"",Z23/AA23) | AC23: =IF(C23="","",IF(X23<>"OK","CHECK INPUT",IF(AB23>=4,"AT/ABOVE +4 TRIGGER","Below +4 trigger")))
A24: 20 | C24: =IF(SUM(K24:W24)=0,"",SUM(K24:W24)) | D24: =IF(C24="","",SUM($C$5:C24)) | E24: =IF(C24="","",K24+L24+M24+2*N24-O24-2*P24-Q24-R24) | F24: =IF(C24="","",SUM($E$5:E24)) | G24: =IF(C24="","",IF('Rules & Notes'!$B$4-D24>0,F24/(('Rules & Notes'!$B$4-D24)/'Rules & Notes'!$B$3),"")) | H24: ="" | J24: =IF(H24="","",IF($D$2="","Set table min",IF($D$2<=0,"Check table min",IF(H24<$D$2,"Below table min","1-to-"&IF(H24/$D$2=INT(H24/$D$2),TEXT(H24/$D$2,"0"),TEXT(H24/$D$2,"0.##")))))) | X24: =IF(C24="","",IF(D24>'Rules & Notes'!$B$4,"TOTAL > 416",IF(OR(SUM($K$5:K24)>32,SUM($L$5:L24)>32,SUM($M$5:M24)>32,SUM($N$5:N24)>32,SUM($O$5:O24)>32,SUM($P$5:P24)>32,SUM($Q$5:Q24)>32,SUM($R$5:R24)>32,SUM($S$5:S24)>32,SUM($T$5:T24)>32,SUM($U$5:U24)>32,SUM($V$5:V24)>32,SUM($W$5:W24)>32),"RANK > 32",IF(C24>6,"HAND > 6","OK")))) | Y24: =IF(C24="","",K24-M24-N24-O24-6*Q24+2*R24+2*S24+T24+U24+V24+W24) | Z24: =IF(C24="","",SUM($Y$5:Y24)) | AA24: =IF(C24="","",MAX(0,('Rules & Notes'!$B$4-D24)/'Rules & Notes'!$B$3)) | AB24: =IF(OR(C24="",AA24=0),"",Z24/AA24) | AC24: =IF(C24="","",IF(X24<>"OK","CHECK INPUT",IF(AB24>=4,"AT/ABOVE +4 TRIGGER","Below +4 trigger")))
A25: 21 | C25: =IF(SUM(K25:W25)=0,"",SUM(K25:W25)) | D25: =IF(C25="","",SUM($C$5:C25)) | E25: =IF(C25="","",K25+L25+M25+2*N25-O25-2*P25-Q25-R25) | F25: =IF(C25="","",SUM($E$5:E25)) | G25: =IF(C25="","",IF('Rules & Notes'!$B$4-D25>0,F25/(('Rules & Notes'!$B$4-D25)/'Rules & Notes'!$B$3),"")) | H25: ="" | J25: =IF(H25="","",IF($D$2="","Set table min",IF($D$2<=0,"Check table min",IF(H25<$D$2,"Below table min","1-to-"&IF(H25/$D$2=INT(H25/$D$2),TEXT(H25/$D$2,"0"),TEXT(H25/$D$2,"0.##")))))) | X25: =IF(C25="","",IF(D25>'Rules & Notes'!$B$4,"TOTAL > 416",IF(OR(SUM($K$5:K25)>32,SUM($L$5:L25)>32,SUM($M$5:M25)>32,SUM($N$5:N25)>32,SUM($O$5:O25)>32,SUM($P$5:P25)>32,SUM($Q$5:Q25)>32,SUM($R$5:R25)>32,SUM($S$5:S25)>32,SUM($T$5:T25)>32,SUM($U$5:U25)>32,SUM($V$5:V25)>32,SUM($W$5:W25)>32),"RANK > 32",IF(C25>6,"HAND > 6","OK")))) | Y25: =IF(C25="","",K25-M25-N25-O25-6*Q25+2*R25+2*S25+T25+U25+V25+W25) | Z25: =IF(C25="","",SUM($Y$5:Y25)) | AA25: =IF(C25="","",MAX(0,('Rules & Notes'!$B$4-D25)/'Rules & Notes'!$B$3)) | AB25: =IF(OR(C25="",AA25=0),"",Z25/AA25) | AC25: =IF(C25="","",IF(X25<>"OK","CHECK INPUT",IF(AB25>=4,"AT/ABOVE +4 TRIGGER","Below +4 trigger")))
A26: 22 | C26: =IF(SUM(K26:W26)=0,"",SUM(K26:W26)) | D26: =IF(C26="","",SUM($C$5:C26)) | E26: =IF(C26="","",K26+L26+M26+2*N26-O26-2*P26-Q26-R26) | F26: =IF(C26="","",SUM($E$5:E26)) | G26: =IF(C26="","",IF('Rules & Notes'!$B$4-D26>0,F26/(('Rules & Notes'!$B$4-D26)/'Rules & Notes'!$B$3),"")) | H26: ="" | J26: =IF(H26="","",IF($D$2="","Set table min",IF($D$2<=0,"Check table min",IF(H26<$D$2,"Below table min","1-to-"&IF(H26/$D$2=INT(H26/$D$2),TEXT(H26/$D$2,"0"),TEXT(H26/$D$2,"0.##")))))) | X26: =IF(C26="","",IF(D26>'Rules & Notes'!$B$4,"TOTAL > 416",IF(OR(SUM($K$5:K26)>32,SUM($L$5:L26)>32,SUM($M$5:M26)>32,SUM($N$5:N26)>32,SUM($O$5:O26)>32,SUM($P$5:P26)>32,SUM($Q$5:Q26)>32,SUM($R$5:R26)>32,SUM($S$5:S26)>32,SUM($T$5:T26)>32,SUM($U$5:U26)>32,SUM($V$5:V26)>32,SUM($W$5:W26)>32),"RANK > 32",IF(C26>6,"HAND > 6","OK")))) | Y26: =IF(C26="","",K26-M26-N26-O26-6*Q26+2*R26+2*S26+T26+U26+V26+W26) | Z26: =IF(C26="","",SUM($Y$5:Y26)) | AA26: =IF(C26="","",MAX(0,('Rules & Notes'!$B$4-D26)/'Rules & Notes'!$B$3)) | AB26: =IF(OR(C26="",AA26=0),"",Z26/AA26) | AC26: =IF(C26="","",IF(X26<>"OK","CHECK INPUT",IF(AB26>=4,"AT/ABOVE +4 TRIGGER","Below +4 trigger")))
A27: 23 | C27: =IF(SUM(K27:W27)=0,"",SUM(K27:W27)) | D27: =IF(C27="","",SUM($C$5:C27)) | E27: =IF(C27="","",K27+L27+M27+2*N27-O27-2*P27-Q27-R27) | F27: =IF(C27="","",SUM($E$5:E27)) | G27: =IF(C27="","",IF('Rules & Notes'!$B$4-D27>0,F27/(('Rules & Notes'!$B$4-D27)/'Rules & Notes'!$B$3),"")) | H27: ="" | J27: =IF(H27="","",IF($D$2="","Set table min",IF($D$2<=0,"Check table min",IF(H27<$D$2,"Below table min","1-to-"&IF(H27/$D$2=INT(H27/$D$2),TEXT(H27/$D$2,"0"),TEXT(H27/$D$2,"0.##")))))) | X27: =IF(C27="","",IF(D27>'Rules & Notes'!$B$4,"TOTAL > 416",IF(OR(SUM($K$5:K27)>32,SUM($L$5:L27)>32,SUM($M$5:M27)>32,SUM($N$5:N27)>32,SUM($O$5:O27)>32,SUM($P$5:P27)>32,SUM($Q$5:Q27)>32,SUM($R$5:R27)>32,SUM($S$5:S27)>32,SUM($T$5:T27)>32,SUM($U$5:U27)>32,SUM($V$5:V27)>32,SUM($W$5:W27)>32),"RANK > 32",IF(C27>6,"HAND > 6","OK")))) | Y27: =IF(C27="","",K27-M27-N27-O27-6*Q27+2*R27+2*S27+T27+U27+V27+W27) | Z27: =IF(C27="","",SUM($Y$5:Y27)) | AA27: =IF(C27="","",MAX(0,('Rules & Notes'!$B$4-D27)/'Rules & Notes'!$B$3)) | AB27: =IF(OR(C27="",AA27=0),"",Z27/AA27) | AC27: =IF(C27="","",IF(X27<>"OK","CHECK INPUT",IF(AB27>=4,"AT/ABOVE +4 TRIGGER","Below +4 trigger")))
A28: 24 | C28: =IF(SUM(K28:W28)=0,"",SUM(K28:W28)) | D28: =IF(C28="","",SUM($C$5:C28)) | E28: =IF(C28="","",K28+L28+M28+2*N28-O28-2*P28-Q28-R28) | F28: =IF(C28="","",SUM($E$5:E28)) | G28: =IF(C28="","",IF('Rules & Notes'!$B$4-D28>0,F28/(('Rules & Notes'!$B$4-D28)/'Rules & Notes'!$B$3),"")) | H28: ="" | J28: =IF(H28="","",IF($D$2="","Set table min",IF($D$2<=0,"Check table min",IF(H28<$D$2,"Below table min","1-to-"&IF(H28/$D$2=INT(H28/$D$2),TEXT(H28/$D$2,"0"),TEXT(H28/$D$2,"0.##")))))) | X28: =IF(C28="","",IF(D28>'Rules & Notes'!$B$4,"TOTAL > 416",IF(OR(SUM($K$5:K28)>32,SUM($L$5:L28)>32,SUM($M$5:M28)>32,SUM($N$5:N28)>32,SUM($O$5:O28)>32,SUM($P$5:P28)>32,SUM($Q$5:Q28)>32,SUM($R$5:R28)>32,SUM($S$5:S28)>32,SUM($T$5:T28)>32,SUM($U$5:U28)>32,SUM($V$5:V28)>32,SUM($W$5:W28)>32),"RANK > 32",IF(C28>6,"HAND > 6","OK")))) | Y28: =IF(C28="","",K28-M28-N28-O28-6*Q28+2*R28+2*S28+T28+U28+V28+W28) | Z28: =IF(C28="","",SUM($Y$5:Y28)) | AA28: =IF(C28="","",MAX(0,('Rules & Notes'!$B$4-D28)/'Rules & Notes'!$B$3)) | AB28: =IF(OR(C28="",AA28=0),"",Z28/AA28) | AC28: =IF(C28="","",IF(X28<>"OK","CHECK INPUT",IF(AB28>=4,"AT/ABOVE +4 TRIGGER","Below +4 trigger")))
A29: 25 | C29: =IF(SUM(K29:W29)=0,"",SUM(K29:W29)) | D29: =IF(C29="","",SUM($C$5:C29)) | E29: =IF(C29="","",K29+L29+M29+2*N29-O29-2*P29-Q29-R29) | F29: =IF(C29="","",SUM($E$5:E29)) | G29: =IF(C29="","",IF('Rules & Notes'!$B$4-D29>0,F29/(('Rules & Notes'!$B$4-D29)/'Rules & Notes'!$B$3),"")) | H29: ="" | J29: =IF(H29="","",IF($D$2="","Set table min",IF($D$2<=0,"Check table min",IF(H29<$D$2,"Below table min","1-to-"&IF(H29/$D$2=INT(H29/$D$2),TEXT(H29/$D$2,"0"),TEXT(H29/$D$2,"0.##")))))) | X29: =IF(C29="","",IF(D29>'Rules & Notes'!$B$4,"TOTAL > 416",IF(OR(SUM($K$5:K29)>32,SUM($L$5:L29)>32,SUM($M$5:M29)>32,SUM($N$5:N29)>32,SUM($O$5:O29)>32,SUM($P$5:P29)>32,SUM($Q$5:Q29)>32,SUM($R$5:R29)>32,SUM($S$5:S29)>32,SUM($T$5:T29)>32,SUM($U$5:U29)>32,SUM($V$5:V29)>32,SUM($W$5:W29)>32),"RANK > 32",IF(C29>6,"HAND > 6","OK")))) | Y29: =IF(C29="","",K29-M29-N29-O29-6*Q29+2*R29+2*S29+T29+U29+V29+W29) | Z29: =IF(C29="","",SUM($Y$5:Y29)) | AA29: =IF(C29="","",MAX(0,('Rules & Notes'!$B$4-D29)/'Rules & Notes'!$B$3)) | AB29: =IF(OR(C29="",AA29=0),"",Z29/AA29) | AC29: =IF(C29="","",IF(X29<>"OK","CHECK INPUT",IF(AB29>=4,"AT/ABOVE +4 TRIGGER","Below +4 trigger")))
A30: 26 | C30: =IF(SUM(K30:W30)=0,"",SUM(K30:W30)) | D30: =IF(C30="","",SUM($C$5:C30)) | E30: =IF(C30="","",K30+L30+M30+2*N30-O30-2*P30-Q30-R30) | F30: =IF(C30="","",SUM($E$5:E30)) | G30: =IF(C30="","",IF('Rules & Notes'!$B$4-D30>0,F30/(('Rules & Notes'!$B$4-D30)/'Rules & Notes'!$B$3),"")) | H30: ="" | J30: =IF(H30="","",IF($D$2="","Set table min",IF($D$2<=0,"Check table min",IF(H30<$D$2,"Below table min","1-to-"&IF(H30/$D$2=INT(H30/$D$2),TEXT(H30/$D$2,"0"),TEXT(H30/$D$2,"0.##")))))) | X30: =IF(C30="","",IF(D30>'Rules & Notes'!$B$4,"TOTAL > 416",IF(OR(SUM($K$5:K30)>32,SUM($L$5:L30)>32,SUM($M$5:M30)>32,SUM($N$5:N30)>32,SUM($O$5:O30)>32,SUM($P$5:P30)>32,SUM($Q$5:Q30)>32,SUM($R$5:R30)>32,SUM($S$5:S30)>32,SUM($T$5:T30)>32,SUM($U$5:U30)>32,SUM($V$5:V30)>32,SUM($W$5:W30)>32),"RANK > 32",IF(C30>6,"HAND > 6","OK")))) | Y30: =IF(C30="","",K30-M30-N30-O30-6*Q30+2*R30+2*S30+T30+U30+V30+W30) | Z30: =IF(C30="","",SUM($Y$5:Y30)) | AA30: =IF(C30="","",MAX(0,('Rules & Notes'!$B$4-D30)/'Rules & Notes'!$B$3)) | AB30: =IF(OR(C30="",AA30=0),"",Z30/AA30) | AC30: =IF(C30="","",IF(X30<>"OK","CHECK INPUT",IF(AB30>=4,"AT/ABOVE +4 TRIGGER","Below +4 trigger")))
A31: 27 | C31: =IF(SUM(K31:W31)=0,"",SUM(K31:W31)) | D31: =IF(C31="","",SUM($C$5:C31)) | E31: =IF(C31="","",K31+L31+M31+2*N31-O31-2*P31-Q31-R31) | F31: =IF(C31="","",SUM($E$5:E31)) | G31: =IF(C31="","",IF('Rules & Notes'!$B$4-D31>0,F31/(('Rules & Notes'!$B$4-D31)/'Rules & Notes'!$B$3),"")) | H31: ="" | J31: =IF(H31="","",IF($D$2="","Set table min",IF($D$2<=0,"Check table min",IF(H31<$D$2,"Below table min","1-to-"&IF(H31/$D$2=INT(H31/$D$2),TEXT(H31/$D$2,"0"),TEXT(H31/$D$2,"0.##")))))) | X31: =IF(C31="","",IF(D31>'Rules & Notes'!$B$4,"TOTAL > 416",IF(OR(SUM($K$5:K31)>32,SUM($L$5:L31)>32,SUM($M$5:M31)>32,SUM($N$5:N31)>32,SUM($O$5:O31)>32,SUM($P$5:P31)>32,SUM($Q$5:Q31)>32,SUM($R$5:R31)>32,SUM($S$5:S31)>32,SUM($T$5:T31)>32,SUM($U$5:U31)>32,SUM($V$5:V31)>32,SUM($W$5:W31)>32),"RANK > 32",IF(C31>6,"HAND > 6","OK")))) | Y31: =IF(C31="","",K31-M31-N31-O31-6*Q31+2*R31+2*S31+T31+U31+V31+W31) | Z31: =IF(C31="","",SUM($Y$5:Y31)) | AA31: =IF(C31="","",MAX(0,('Rules & Notes'!$B$4-D31)/'Rules & Notes'!$B$3)) | AB31: =IF(OR(C31="",AA31=0),"",Z31/AA31) | AC31: =IF(C31="","",IF(X31<>"OK","CHECK INPUT",IF(AB31>=4,"AT/ABOVE +4 TRIGGER","Below +4 trigger")))
A32: 28 | C32: =IF(SUM(K32:W32)=0,"",SUM(K32:W32)) | D32: =IF(C32="","",SUM($C$5:C32)) | E32: =IF(C32="","",K32+L32+M32+2*N32-O32-2*P32-Q32-R32) | F32: =IF(C32="","",SUM($E$5:E32)) | G32: =IF(C32="","",IF('Rules & Notes'!$B$4-D32>0,F32/(('Rules & Notes'!$B$4-D32)/'Rules & Notes'!$B$3),"")) | H32: ="" | J32: =IF(H32="","",IF($D$2="","Set table min",IF($D$2<=0,"Check table min",IF(H32<$D$2,"Below table min","1-to-"&IF(H32/$D$2=INT(H32/$D$2),TEXT(H32/$D$2,"0"),TEXT(H32/$D$2,"0.##")))))) | X32: =IF(C32="","",IF(D32>'Rules & Notes'!$B$4,"TOTAL > 416",IF(OR(SUM($K$5:K32)>32,SUM($L$5:L32)>32,SUM($M$5:M32)>32,SUM($N$5:N32)>32,SUM($O$5:O32)>32,SUM($P$5:P32)>32,SUM($Q$5:Q32)>32,SUM($R$5:R32)>32,SUM($S$5:S32)>32,SUM($T$5:T32)>32,SUM($U$5:U32)>32,SUM($V$5:V32)>32,SUM($W$5:W32)>32),"RANK > 32",IF(C32>6,"HAND > 6","OK")))) | Y32: =IF(C32="","",K32-M32-N32-O32-6*Q32+2*R32+2*S32+T32+U32+V32+W32) | Z32: =IF(C32="","",SUM($Y$5:Y32)) | AA32: =IF(C32="","",MAX(0,('Rules & Notes'!$B$4-D32)/'Rules & Notes'!$B$3)) | AB32: =IF(OR(C32="",AA32=0),"",Z32/AA32) | AC32: =IF(C32="","",IF(X32<>"OK","CHECK INPUT",IF(AB32>=4,"AT/ABOVE +4 TRIGGER","Below +4 trigger")))
A33: 29 | C33: =IF(SUM(K33:W33)=0,"",SUM(K33:W33)) | D33: =IF(C33="","",SUM($C$5:C33)) | E33: =IF(C33="","",K33+L33+M33+2*N33-O33-2*P33-Q33-R33) | F33: =IF(C33="","",SUM($E$5:E33)) | G33: =IF(C33="","",IF('Rules & Notes'!$B$4-D33>0,F33/(('Rules & Notes'!$B$4-D33)/'Rules & Notes'!$B$3),"")) | H33: ="" | J33: =IF(H33="","",IF($D$2="","Set table min",IF($D$2<=0,"Check table min",IF(H33<$D$2,"Below table min","1-to-"&IF(H33/$D$2=INT(H33/$D$2),TEXT(H33/$D$2,"0"),TEXT(H33/$D$2,"0.##")))))) | X33: =IF(C33="","",IF(D33>'Rules & Notes'!$B$4,"TOTAL > 416",IF(OR(SUM($K$5:K33)>32,SUM($L$5:L33)>32,SUM($M$5:M33)>32,SUM($N$5:N33)>32,SUM($O$5:O33)>32,SUM($P$5:P33)>32,SUM($Q$5:Q33)>32,SUM($R$5:R33)>32,SUM($S$5:S33)>32,SUM($T$5:T33)>32,SUM($U$5:U33)>32,SUM($V$5:V33)>32,SUM($W$5:W33)>32),"RANK > 32",IF(C33>6,"HAND > 6","OK")))) | Y33: =IF(C33="","",K33-M33-N33-O33-6*Q33+2*R33+2*S33+T33+U33+V33+W33) | Z33: =IF(C33="","",SUM($Y$5:Y33)) | AA33: =IF(C33="","",MAX(0,('Rules & Notes'!$B$4-D33)/'Rules & Notes'!$B$3)) | AB33: =IF(OR(C33="",AA33=0),"",Z33/AA33) | AC33: =IF(C33="","",IF(X33<>"OK","CHECK INPUT",IF(AB33>=4,"AT/ABOVE +4 TRIGGER","Below +4 trigger")))
... A54: 50 | C54: =IF(SUM(K54:W54)=0,"",SUM(K54:W54)) | D54: =IF(C54="","",SUM($C$5:C54)) | E54: =IF(C54="","",K54+L54+M54+2*N54-O54-2*P54-Q54-R54) | F54: =IF(C54="","",SUM($E$5:E54)) | G54: =IF(C54="","",IF('Rules & Notes'!$B$4-D54>0,F54/(('Rules & Notes'!$B$4-D54)/'Rules & Notes'!$B$3),"")) | H54: ="" | J54: =IF(H54="","",IF($D$2="","Set table min",IF($D$2<=0,"Check table min",IF(H54<$D$2,"Below table min","1-to-"&IF(H54/$D$2=INT(H54/$D$2),TEXT(H54/$D$2,"0"),TEXT(H54/$D$2,"0.##")))))) | X54: =IF(C54="","",IF(D54>'Rules & Notes'!$B$4,"TOTAL > 416",IF(OR(SUM($K$5:K54)>32,SUM($L$5:L54)>32,SUM($M$5:M54)>32,SUM($N$5:N54)>32,SUM($O$5:O54)>32,SUM($P$5:P54)>32,SUM($Q$5:Q54)>32,SUM($R$5:R54)>32,SUM($S$5:S54)>32,SUM($T$5:T54)>32,SUM($U$5:U54)>32,SUM($V$5:V54)>32,SUM($W$5:W54)>32),"RANK > 32",IF(C54>6,"HAND > 6","OK")))) | Y54: =IF(C54="","",K54-M54-N54-O54-6*Q54+2*R54+2*S54+T54+U54+V54+W54) | Z54: =IF(C54="","",SUM($Y$5:Y54)) | AA54: =IF(C54="","",MAX(0,('Rules & Notes'!$B$4-D54)/'Rules & Notes'!$B$3)) | AB54: =IF(OR(C54="",AA54=0),"",Z54/AA54) | AC54: =IF(C54="","",IF(X54<>"OK","CHECK INPUT",IF(AB54>=4,"AT/ABOVE +4 TRIGGER","Below +4 trigger")))

Sheet Dashboard
A1: Blazing 7s Baccarat Tracker
A2: 8-deck shoe • Enter rank quantities on Hand Log • Review counts and baseline odds here
A4: Metric | B4: Current Value | C4: Notes
A5: Initial cards | B5: ='Rules & Notes'!$B$4 -> 416 | C5: 8 decks × 52 cards
A6: Cards logged | B6: =SUM('Hand Log'!C5:C54) -> 0 | C6: Total entered rank quantities
A7: Cards remaining | B7: =MAX(0,B5-B6) -> 416 | C7: Initial shoe less cards logged
A8: Estimated decks remaining | B8: =IFERROR(B7/'Rules & Notes'!$B$3,0) -> 8 | C8: Cards remaining ÷ 52
A9: Running count | B9: =SUM('Hand Log'!E5:E54) -> 0 | C9: Sum of Count Change across logged hands
A10: True count | B10: =IFERROR(B9/B8,0) -> 0 | C10: Running count ÷ estimated decks remaining
A11: Sevens seen | B11: ='Remaining Cards'!D11 -> 0 | C11: From quantity of rank 7 logged
A12: Sevens remaining | B12: ='Remaining Cards'!E11 -> 32 | C12: Out of 32 sevens in the shoe
A13: Player/Banker 7 outcomes | B13: Not tracked | C13: Rank quantities do not record which cards belonged to Player vs Banker.
A14: Both 2-card 7s | B14: Not tracked | C14: Requires per-side hand card entry to verify exact event.
A15: Both 3-card 7s | B15: Not tracked | C15: Requires per-side hand card entry to verify exact event.
A17: Odds & interpretation
A18: Baseline side-bet odds | B18: ='Blazing 7 Odds'!B13 -> 0.011282579 | C18: Overall baseline chance ≈1.13% (about 1 in 88.6 hands) using the listed payouts. See Blazing 7 Odds tab.
A19: Live conditional odds | B19: Not calculated | C19: Requires a validated model based on exact remaining cards and baccarat drawing rules.
A20: Counting-method caution | B20: Descriptive only | C20: The custom count does not establish a predictive edge or guarantee profitability.
A21: House edge (baseline) | B21: ='Blazing 7 Odds'!B15 -> 0.07779701 | C21: Expected long-run loss per unit wager at the reference paytable.
A22: Theoretical return (RTP) | B22: ='Blazing 7 Odds'!B16 -> 0.92220299 | C22: Average return based on the selected paytable.
A23: Blazing 7s Count System (separate from original count)
A24: B7 Running Count | B24: =SUM('Hand Log'!$Y$5:$Y$54) -> 0 | C24: Running sum using the published Blazing 7s rank tags.
A25: B7 True Count | B25: =IF(B8>0,B24/B8,"") -> 0 | C25: B7 running count divided by estimated decks remaining.
A26: Reference Trigger | B26: 4 | C26: Published reference threshold; it is a flag for review, not proof by itself.
A27: B7 Count Status | B27: =IF(B8<=0,"Shoe exhausted",IF(B25>=B26,"AT/ABOVE +4 TRIGGER","Below +4 trigger")) -> Below +4 trigger | C27: Updates as rank quantities are entered on Hand Log.
A28: Count Method | B28: A=+1, 2=0, 3/4/5=−1, 6=0, 7=−6, 8/9=+2, 10/J/Q/K=+1 | C28: Separate from the original count values.

Sheet Remaining Cards
A1: 8-Deck Shoe Composition & Remaining Cards
A2: Remaining counts are calculated from the rank quantities entered on the Hand Log.
A4: Rank | B4: Count Value | C4: Initial Count | D4: Seen / Logged | E4: Remaining | F4: Remaining % | G4: Seen Count Contribution | H4: B7 Count Value | I4: B7 Seen Contribution
A5: A | B5: 1 | C5: 32 | D5: =SUM('Hand Log'!$K$5:$K$54) -> 0 | E5: =C5-D5 -> 32 | F5: =IFERROR(E5/C5,0) -> 1 | G5: =B5*D5 -> 0 | H5: 1 | I5: =H5*D5 -> 0
A6: 2 | B6: 1 | C6: 32 | D6: =SUM('Hand Log'!$L$5:$L$54) -> 0 | E6: =C6-D6 -> 32 | F6: =IFERROR(E6/C6,0) -> 1 | G6: =B6*D6 -> 0 | H6: 0 | I6: =H6*D6 -> 0
A7: 3 | B7: 1 | C7: 32 | D7: =SUM('Hand Log'!$M$5:$M$54) -> 0 | E7: =C7-D7 -> 32 | F7: =IFERROR(E7/C7,0) -> 1 | G7: =B7*D7 -> 0 | H7: -1 | I7: =H7*D7 -> 0
A8: 4 | B8: 2 | C8: 32 | D8: =SUM('Hand Log'!$N$5:$N$54) -> 0 | E8: =C8-D8 -> 32 | F8: =IFERROR(E8/C8,0) -> 1 | G8: =B8*D8 -> 0 | H8: -1 | I8: =H8*D8 -> 0
A9: 5 | B9: -1 | C9: 32 | D9: =SUM('Hand Log'!$O$5:$O$54) -> 0 | E9: =C9-D9 -> 32 | F9: =IFERROR(E9/C9,0) -> 1 | G9: =B9*D9 -> 0 | H9: -1 | I9: =H9*D9 -> 0
A10: 6 | B10: -2 | C10: 32 | D10: =SUM('Hand Log'!$P$5:$P$54) -> 0 | E10: =C10-D10 -> 32 | F10: =IFERROR(E10/C10,0) -> 1 | G10: =B10*D10 -> 0 | H10: 0 | I10: =H10*D10 -> 0
A11: 7 | B11: -1 | C11: 32 | D11: =SUM('Hand Log'!$Q$5:$Q$54) -> 0 | E11: =C11-D11 -> 32 | F11: =IFERROR(E11/C11,0) -> 1 | G11: =B11*D11 -> 0 | H11: -6 | I11: =H11*D11 -> 0
A12: 8 | B12: -1 | C12: 32 | D12: =SUM('Hand Log'!$R$5:$R$54) -> 0 | E12: =C12-D12 -> 32 | F12: =IFERROR(E12/C12,0) -> 1 | G12: =B12*D12 -> 0 | H12: 2 | I12: =H12*D12 -> 0
A13: 9 | B13: 0 | C13: 32 | D13: =SUM('Hand Log'!$S$5:$S$54) -> 0 | E13: =C13-D13 -> 32 | F13: =IFERROR(E13/C13,0) -> 1 | G13: =B13*D13 -> 0 | H13: 2 | I13: =H13*D13 -> 0
A14: 10 | B14: 0 | C14: 32 | D14: =SUM('Hand Log'!$T$5:$T$54) -> 0 | E14: =C14-D14 -> 32 | F14: =IFERROR(E14/C14,0) -> 1 | G14: =B14*D14 -> 0 | H14: 1 | I14: =H14*D14 -> 0
A15: J | B15: 0 | C15: 32 | D15: =SUM('Hand Log'!$U$5:$U$54) -> 0 | E15: =C15-D15 -> 32 | F15: =IFERROR(E15/C15,0) -> 1 | G15: =B15*D15 -> 0 | H15: 1 | I15: =H15*D15 -> 0
A16: Q | B16: 0 | C16: 32 | D16: =SUM('Hand Log'!$V$5:$V$54) -> 0 | E16: =C16-D16 -> 32 | F16: =IFERROR(E16/C16,0) -> 1 | G16: =B16*D16 -> 0 | H16: 1 | I16: =H16*D16 -> 0
A17: K | B17: 0 | C17: 32 | D17: =SUM('Hand Log'!$W$5:$W$54) -> 0 | E17: =C17-D17 -> 32 | F17: =IFERROR(E17/C17,0) -> 1 | G17: =B17*D17 -> 0 | H17: 1 | I17: =H17*D17 -> 0
A19: TOTAL | C19: =SUM(C5:C17) -> 416 | D19: =SUM(D5:D17) -> 0 | E19: =SUM(E5:E17) -> 416 | F19: =IFERROR(E19/C19,0) -> 1 | G19: =SUM(G5:G17) -> 0
A21: Sevens seen | B21: =D11 -> 0
A22: Sevens remaining | B22: =E11 -> 32
A23: Share of sevens remaining | B23: =IFERROR(B22/C11,0) -> 1
A25: Input reminder | B25: Use the blue rank inputs on Hand Log; include all cards dealt from the shoe.
A26: Data check | B26: Each rank starts with 32 cards; total shoe size is 416 cards.
A27: Shoe validation | B27: =IF(OR(D19>'Rules & Notes'!$B$4,MIN(E5:E17)<0),"CHECK INPUTS","OK") -> OK

Sheet Rules & Notes
A1: Rules, Assumptions & How to Use
A2: Decks in shoe | B2: 8
A3: Cards per deck | B3: 52
A4: Total cards in shoe | B4: =B2*B3 -> 416
A5: Count value: A / 2 / 3 | B5: 1
A6: Count value: 4 | B6: 2
A7: Count value: 5 / 7 / 8 | B7: -1
A8: Count value: 6 | B8: -2
A9: Count value: 9 / 10 / J / Q / K | B9: 0
A10: True count formula | B10: Running count ÷ estimated decks remaining
A11: Bet ramp used on Hand Log | B11: Minimum bet below true count +3; maximum bet at true count +3 or higher. Adjust the H-row formulas if your preferred ramp differs.
A13: How to enter a hand | B13: Enter the quantity of each rank in blue cells K:W on the Hand Log row for that round. Leave ranks at zero/blank if none appeared.
A14: Running count | B14: Starts at 0 and adds the automatically calculated Count Change from every logged hand.
A15: Cards remaining | B15: 416 minus cumulative cards entered. Make sure every card dealt from the shoe is included.
A16: Rank validation | B16: A standard 8-deck shoe starts with 32 cards of each rank. The validation column warns when totals exceed 32.
A17: Per-hand validation | B17: The input cells accept integers 0–6 because a baccarat round uses up to six cards across Player and Banker.
A18: Baseline Blazing 7s odds | B18: About 1.1283% for any qualifying outcome (roughly 1 in 88.6 hands) under the listed paytable. See Blazing 7 Odds tab.
A19: Reference house edge / RTP | B19: About 7.78% house edge and 92.22% theoretical return for 200:1 on both 3-card 7s and 50:1 on both 2-card 7s.
A20: Blazing 7s-specific count system
A21: Ace | B21: 1
A22: 2 | B22: 0
A23: 3 | B23: -1
A24: 4 | B24: -1
A25: 5 | B25: -1
A26: 6 | B26: 0
A27: 7 | B27: -6
A28: 8 | B28: 2
A29: 9 | B29: 2
A30: 10 / J / Q / K | B30: 1
A31: B7 true count formula | B31: B7 running count ÷ estimated decks remaining
A32: Reference threshold | B32: +4 trigger from published Blazing 7s count analysis; a reference flag, not proof or a guarantee.
A33: How it works | B33: The same rank quantities entered in Hand Log K:W drive both the original count and the separate Blazing 7s count.

Sheet Blazing 7 Odds
A1: Blazing 7s Baccarat — Baseline Odds (8-Deck Shoe)
A2: Qualifies when Player and Banker both total 7 using the same number of cards. These are baseline full-shoe odds, not live conditional odds.
A4: Outcome | B4: Net Payout | C4: Combinations | D4: Probability | E4: Approx. 1 in N | F4: EV contribution per unit
A5: Both Player & Banker total 7 with 3 cards | B5: 200 | C5: 11556012525568 | D5: =C5/$C$8 -> 0.0023119431 | E5: =1/D5 -> 432.53659 | F5: =D5*B5 -> 0.46238862
A6: Both Player & Banker total 7 with 2 cards | B6: 50 | C6: 44838810157056 | D6: =C6/$C$8 -> 0.0089706357 | E6: =1/D6 -> 111.47482 | F6: =D6*B6 -> 0.44853179
A7: All other outcomes (bet loses) | B7: -1 | C7: 4.9420035e+15 | D7: =C7/$C$8 -> 0.98871742 | E7: =1/D7 -> 1.0114113 | F7: =D7*B7 -> -0.98871742
A8: Total / expected net return | C8: =SUM(C5:C7) -> 4.9983983e+15 | D8: =SUM(D5:D7) -> 1 | F8: =SUM(F5:F7) -> -0.07779701
A10: Key takeaways
A11: Chance of 3-card Blazing 7s | B11: =D5 -> 0.0023119431 | C11: About 1 in 432.5 hands, on average
A12: Chance of 2-card Blazing 7s | B12: =D6 -> 0.0089706357 | C12: About 1 in 111.5 hands, on average
A13: Chance of any Blazing 7 win | B13: =D5+D6 -> 0.011282579 | C13: Either the qualifying 2-card or 3-card result
A14: Approximate frequency of any win | B14: =1/(D5+D6) -> 88.632219 | C14: A long-run average, not a prediction of the next hand
A15: House edge at listed payouts | B15: =-F8 -> 0.07779701 | C15: Expected long-run loss per unit bet under the listed payout rules
A16: Theoretical return (RTP) | B16: =1+F8 -> 0.92220299 | C16: Average return as a percentage of all wagered units
